"","Місто","Кімнат","Загальна_площа","Ціна"
"2","Вінниця",3,"120",1875000
"4","Вінниця",3,"66",975000
"5","Вінниця",2,"66",1375000
"7","Вінниця",2,"44",637500
"10","Вінниця",3,"63",835000
"11","Вінниця",1,"31",562500
"17","Вінниця",3,"46",1150000
"18","Вінниця",3,"64",8e+05
"21","Вінниця",1,"35",424975
"23","Вінниця",6,"200",12500
"27","Вінниця",2,"46",5e+05
"28","Вінниця",1,"50",999975
"29","Вінниця",1,"38",512500
"37","Вінниця",2,"68",1e+06
"38","Вінниця",3,"98",2575000
"39","Вінниця",3,"123",3075000
"44","Вінниця",3,"90",3775000
"45","Вінниця",2,"62",1050000
"50","Вінниця",1,"46",811250
"52","Вінниця",1,"50",975000
"55","Вінниця",2,"43",549975
"56","Вінниця",4,"62",775000
"57","Вінниця",1,"42,99",550000
"58","Вінниця",2,"50",712500
"59","Вінниця",2,"44",550000
"60","Вінниця",4,"61",925000
"62","Вінниця",3,"67",1e+06
"63","Вінниця",2,"65",975000
"64","Вінниця",2,"45",672500
"65","Вінниця",1,"32",435000
"66","Вінниця",2,"63",1375000
"68","Вінниця",1,"36",550000
"69","Вінниця",1,"38",512500
"70","Вінниця",2,"52",612500
"71","Вінниця",1,"52",750000
"72","Вінниця",2,"70",1299975
"75","Вінниця",1,"45,5",11500
"76","Вінниця",1,"34",462500
"77","Вінниця",3,"56",649975
"78","Вінниця",1,"36,3",625000
"79","Вінниця",2,"87,5",1175000
"80","Вінниця",4,"80",1399975
"81","Вінниця",1,"52",524750
"82","Вінниця",1,"42",625000
"83","Вінниця",1,"47,2",565000
"84","Вінниця",2,"60",1350000
"85","Вінниця",1,"48",470000
"86","Вінниця",2,"64",598000
"87","Вінниця",3,"95",936000
"88","Вінниця",2,"30",712500
"90","Вінниця",1,"50,28",492744
"91","Вінниця",1,"41",562500
"92","Вінниця",2,"45",637500
"93","Вінниця",1,"43",850000
"94","Вінниця",1,"36",450000
"95","Вінниця",2,"80,55",789390
"96","Вінниця",1,"48",470000
"99","Вінниця",1,"40",747500
"100","Вінниця",2,"83",997500
"102","Вінниця",2,"44",674975
"103","Вінниця",2,"53",899975
"104","Вінниця",1,"38",475000
"105","Вінниця",3,"100",12500
"106","Вінниця",3,"64",937500
"107","Вінниця",2,"48",672500
"108","Вінниця",3,"60",1125000
"109","Вінниця",2,"62",577000
"110","Вінниця",3,"72,6",975000
"111","Вінниця",2,"63,2",1225000
"113","Вінниця",2,"82,3",1125000
"115","Вінниця",2,"50",747500
"116","Вінниця",2,"78",775000
"117","Вінниця",3,"100",1950000
"118","Вінниця",1,"37",625000
"119","Вінниця",1,"43",650000
"120","Вінниця",2,"50",1050000
"123","Вінниця",1,"31",562500
"124","Вінниця",1,"24",375000
"127","Вінниця",3,"53",625000
"129","Вінниця",2,"64",1050000
"130","Вінниця",1,"33,5",387500
"131","Вінниця",3,"100",2e+06
"133","Вінниця",2,"50",747500
"134","Вінниця",2,"48",575000
"135","Вінниця",2,"55",620000
"136","Вінниця",4,"64",775000
"137","Вінниця",1,"30",450000
"138","Вінниця",1,"58,2",725000
"139","Вінниця",1,"54,5",682500
"141","Вінниця",2,"68",750000
"142","Вінниця",3,"64",987500
"143","Вінниця",3,"63",936250
"144","Вінниця",4,"92",1072500
"145","Вінниця",1,"30",712500
"146","Вінниця",2,"85,7",1200000
"147","Вінниця",2,"77,2",675000
"148","Вінниця",4,"70",1625000
"149","Вінниця",3,"90",4e+06
"150","Вінниця",2,"45",675000
"151","Вінниця",2,"70",8e+05
"154","Вінниця",1,"42",850000
"155","Вінниця",1,"50",850000
"156","Вінниця",2,"75",1150000
"157","Вінниця",1,"48",825000
"158","Вінниця",1,"42",675000
"159","Вінниця",1,"14",262500
"161","Вінниця",3,"64",1125000
"162","Вінниця",3,"64",975000
"163","Вінниця",1,"34",487500
"164","Вінниця",1,"42",625000
"165","Вінниця",2,"60",825000
"166","Вінниця",2,"60",8e+05
"167","Вінниця",1,"55",662500
"168","Вінниця",1,"34",550000
"169","Вінниця",1,"50",1037500
"170","Вінниця",2,"60",825000
"171","Вінниця",1,"43",480000
"172","Вінниця",3,"64",1025000
"174","Вінниця",1,"32",437500
"175","Вінниця",1,"30",410000
"176","Вінниця",2,"65,3",712500
"177","Вінниця",1,"46",775000
"178","Вінниця",2,"46",747500
"179","Вінниця",3,"60",775000
"180","Вінниця",1,"35",457500
"181","Вінниця",1,"34",512500
"182","Вінниця",2,"54",9e+05
"183","Вінниця",1,"60",537500
"184","Вінниця",2,"42",837500
"186","Вінниця",3,"102",1575000
"187","Вінниця",3,"80",1700000
"188","Вінниця",1,"42",950000
"189","Вінниця",1,"40",9e+05
"191","Вінниця",2,"77",1625000
"192","Вінниця",2,"70",1225000
"193","Вінниця",3,"62",850000
"194","Вінниця",2,"58",1100000
"195","Вінниця",2,"74",1875000
"196","Вінниця",2,"64",948750
"197","Вінниця",1,"42",512500
"198","Вінниця",1,"45,5",625000
"199","Вінниця",3,"87",1947500
"200","Вінниця",2,"44",650000
"201","Вінниця",1,"42",675000
"202","Вінниця",1,"32",437500
"203","Вінниця",1,"41",625000
"204","Вінниця",3,"64",825000
"205","Вінниця",2,"50",1125000
"206","Вінниця",1,"48",8e+05
"207","Вінниця",1,"43",850000
"208","Вінниця",3,"100",2575000
"209","Вінниця",1,"30",537500
"210","Вінниця",2,"50,8",825000
"211","Вінниця",3,"90",1800000
"213","Вінниця",1,"32",575000
"214","Вінниця",1,"47",522500
"215","Вінниця",2,"50",687500
"216","Вінниця",2,"50",750000
"217","Вінниця",1,"42",612500
"219","Вінниця",1,"35",462475
"220","Вінниця",3,"68",1050000
"221","Вінниця",1,"36,5",425000
"222","Вінниця",3,"64",825000
"227","Вінниця",3,"67",1149975
"229","Вінниця",1,"42",410000
"230","Вінниця",1,"42",5e+05
"231","Вінниця",3,"85",1e+06
"232","Вінниця",3,"69",650000
"233","Вінниця",1,"30",475000
"234","Вінниця",2,"42",575000
"235","Вінниця",2,"80",750000
"236","Вінниця",3,"90",1950000
"240","Вінниця",1,"41",847500
"241","Вінниця",1,"41",642500
"243","Вінниця",1,"45",475000
"244","Вінниця",2,"47,7",475000
"245","Вінниця",3,"62",6e+05
"246","Вінниця",1,"46,27",625000
"247","Вінниця",1,"40",825000
"248","Вінниця",4,"62",762500
"249","Вінниця",3,"115",2e+06
"250","Вінниця",1,"46",575000
"252","Вінниця",1,"36,5",645000
"253","Вінниця",3,"100",1950000
"256","Вінниця",3,"78",1500000
"257","Вінниця",3,"59",550000
"258","Вінниця",2,"52",720000
"259","Вінниця",3,"87",1945000
"260","Вінниця",1,"30",449975
"261","Вінниця",1,"35",5e+05
"262","Вінниця",1,"40",4e+05
"263","Вінниця",2,"47",875000
"264","Вінниця",2,"56,5",1149975
"267","Вінниця",1,"46",450000
"272","Вінниця",1,"50",825000
"274","Вінниця",3,"60",1450000
"275","Вінниця",1,"31",5e+05
"276","Вінниця",3,"65",7e+05
"277","Вінниця",3,"64",875000
"278","Вінниця",3,"64",875000
"279","Вінниця",1,"34",562500
"281","Вінниця",1,"36",437500
"282","Вінниця",2,"65",975000
"283","Вінниця",3,"64",1200000
"284","Вінниця",1,"41",687500
"285","Вінниця",3,"68",650000
"286","Вінниця",4,"130",12500
"287","Вінниця",4,"125",13000
"288","Вінниця",2,"61,3",1050000
"289","Вінниця",2,"45",425000
"290","Вінниця",2,"64",557500
"291","Вінниця",2,"70",950000
"292","Вінниця",1,"40",512475
"293","Вінниця",1,"32",437500
"294","Вінниця",2,"52",722500
"295","Вінниця",2,"55",625000
"296","Вінниця",1,"35",375000
"297","Вінниця",2,"45",5e+05
"298","Вінниця",2,"45",570000
"299","Вінниця",2,"50",750000
"300","Вінниця",1,"32",450000
"301","Вінниця",2,"45",625000
"302","Вінниця",1,"46",437500
"303","Вінниця",2,"45",625000
"304","Вінниця",1,"41",562500
"305","Вінниця",3,"90",975000
"306","Вінниця",1,"48",650000
"307","Вінниця",3,"50",750000
"309","Вінниця",3,"62",675000
"310","Вінниця",1,"30",475000
"311","Вінниця",3,"50",522500
"312","Вінниця",4,"140",2320000
"313","Вінниця",2,"50",562500
"314","Вінниця",2,"36",247500
"315","Вінниця",3,"64",787500
"317","Вінниця",4,"90",1675000
"318","Вінниця",1,"34",5e+05
"319","Вінниця",3,"64",862500
"320","Вінниця",4,"80",875000
"321","Вінниця",2,"42",750000
"322","Вінниця",2,"45",749975
"323","Вінниця",1,"38",612500
"325","Вінниця",1,"45",403375
"326","Вінниця",2,"68",6e+05
"327","Вінниця",3,"70",525000
"328","Вінниця",2,"77",1625000
"329","Вінниця",1,"37",625000
"330","Вінниця",1,"33",450000
"331","Вінниця",2,"75",1850000
"332","Вінниця",4,"153",2975000
"333","Вінниця",1,"48,6",850000
"334","Вінниця",2,"43",625000
"335","Вінниця",2,"48",675000
"336","Вінниця",2,"45",775000
"338","Вінниця",2,"45",622500
"339","Вінниця",6,"190",3250000
"340","Вінниця",1,"40",14000
"341","Вінниця",1,"33",387500
"342","Вінниця",2,"50",1137500
"343","Вінниця",1,"30",525000
"344","Вінниця",2,"42",525000
"345","Вінниця",3,"120",1500000
"346","Вінниця",3,"140",1625000
"348","Вінниця",4,"164",3125000
"349","Вінниця",5,"164",3125000
"350","Вінниця",2,"62",675000
"351","Вінниця",3,"91",1500000
"352","Вінниця",1,"32,5",587500
"353","Вінниця",2,"77",1625000
"354","Вінниця",2,"42",625000
"355","Вінниця",2,"54",750000
"356","Вінниця",1,"30",512500
"357","Вінниця",2,"45",612500
"358","Вінниця",1,"35",5e+05
"359","Вінниця",2,"45",550000
"360","Дніпропетровськ",3,"66",850000
"361","Дніпропетровськ",2,"47",725000
"362","Дніпропетровськ",3,"57",712500
"363","Дніпропетровськ",2,"135,6",5750000
"364","Дніпропетровськ",3,"150,5",27500
"365","Дніпропетровськ",3,"65",687500
"366","Дніпропетровськ",2,"67",1487500
"367","Дніпропетровськ",3,"94",3250000
"368","Дніпропетровськ",3,"118,5",3250000
"370","Дніпропетровськ",1,"32",504000
"371","Дніпропетровськ",2,"46",724500
"372","Дніпропетровськ",3,"120",30000
"375","Дніпропетровськ",2,"58,4",1875000
"379","Дніпропетровськ",4,"113",975000
"381","Дніпропетровськ",4,"151",2750000
"383","Дніпропетровськ",5,"150",2875000
"384","Дніпропетровськ",4,"122",2475000
"385","Дніпропетровськ",3,"102",2075000
"386","Запоріжжя",3,"67",1250000
"387","Запоріжжя",3,"52",487500
"388","Запоріжжя",3,"103",2750000
"389","Запоріжжя",1,"30",487500
"390","Запоріжжя",3,"67",1100000
"391","Запоріжжя",3,"69",1050000
"392","Запоріжжя",5,"192",2225000
"393","Запоріжжя",1,"42,8",425000
"394","Запоріжжя",3,"103",1675000
"395","Запоріжжя",2,"49,85",540000
"396","Запоріжжя",3,"68",7e+05
"397","Запоріжжя",2,"50",6e+05
"398","Запоріжжя",3,"52",999975
"399","Івано-Франківськ",2,"68,5",565000
"400","Івано-Франківськ",2,"58",1e+06
"401","Івано-Франківськ",4,"142",1375000
"402","Івано-Франківськ",3,"68",1050000
"403","Івано-Франківськ",3,"115",2075000
"404","Івано-Франківськ",1,"38",5e+05
"405","Івано-Франківськ",1,"40",462500
"406","Івано-Франківськ",3,"117",2050000
"407","Івано-Франківськ",1,"40",650000
"408","Івано-Франківськ",2,"60",1550000
"409","Івано-Франківськ",4,"181",2125000
"410","Івано-Франківськ",3,"115",2125000
"411","Івано-Франківськ",2,"45",425000
"412","Івано-Франківськ",4,"62",5e+05
"413","Івано-Франківськ",2,"52",750000
"414","Івано-Франківськ",3,"119",2125000
"415","Івано-Франківськ",1,"42",725000
"416","Івано-Франківськ",3,"80",2e+06
"418","Івано-Франківськ",3,"120",2425000
"419","Івано-Франківськ",1,"48",730000
"420","Івано-Франківськ",1,"49",8e+05
"421","Івано-Франківськ",2,"69",1137500
"422","Івано-Франківськ",2,"54",625000
"423","Івано-Франківськ",2,"54",5e+05
"424","Івано-Франківськ",3,"102",10500
"425","Івано-Франківськ",3,"93",1750000
"429","Івано-Франківськ",1,"40",675000
"430","Івано-Франківськ",2,"77",7e+05
"431","Івано-Франківськ",1,"47",8e+05
"432","Івано-Франківськ",1,"42",7e+05
"433","Івано-Франківськ",1,"44",412500
"434","Івано-Франківськ",3,"77,1",754600
"436","Івано-Франківськ",3,"57",7e+05
"438","Івано-Франківськ",1,"40,7",386650
"441","Івано-Франківськ",3,"58",675000
"442","Івано-Франківськ",1,"37",375000
"443","Івано-Франківськ",2,"70",1900000
"445","Івано-Франківськ",1,"49,78",871150
"446","Івано-Франківськ",2,"60",1200000
"447","Івано-Франківськ",2,"84",975000
"448","Івано-Франківськ",1,"42",737500
"449","Івано-Франківськ",3,"86",1875000
"450","Івано-Франківськ",1,"37",7e+05
"451","Івано-Франківськ",1,"40,2",525000
"452","Івано-Франківськ",2,"65",8e+05
"453","Івано-Франківськ",1,"30",325000
"454","Івано-Франківськ",2,"77",1075000
"455","Києво-Святошинський",2,"72",1749975
"456","Києво-Святошинський",2,"52,37",13900
"458","Києво-Святошинський",2,"51",11200
"459","Києво-Святошинський",2,"62",699470
"460","Києво-Святошинський",2,"53",1125000
"461","Києво-Святошинський",3,"82",1250000
"462","Києво-Святошинський",2,"63",1550000
"463","Києво-Святошинський",2,"50",10902
"464","Києво-Святошинський",2,"73",1375000
"465","Києво-Святошинський",1,"39",672500
"466","Києво-Святошинський",1,"40",672500
"467","Києво-Святошинський",1,"40",550000
"468","Києво-Святошинський",1,"40",550000
"469","Києво-Святошинський",1,"41,2",637500
"470","Києво-Святошинський",1,"49,9",8e+05
"476","Києво-Святошинський",2,"49",875000
"477","Києво-Святошинський",1,"46",1050000
"478","Києво-Святошинський",1,"50",825000
"479","Києво-Святошинський",2,"72",1750000
"480","Київ",5,"183",1900000
"481","Київ",3,"101",4e+06
"482","Київ",2,"84,8",1962500
"483","Київ",2,"40",1e+06
"484","Київ",2,"71",2099750
"485","Київ",3,"72,31",12900
"486","Київ",2,"50,22",12900
"487","Київ",2,"50",2042000
"488","Київ",1,"36",875000
"489","Київ",3,"71",1475000
"490","Київ",2,"64,52",18500
"491","Київ",1,"32,96",576800
"492","Київ",1,"46",515280
"493","Київ",2,"51",619200
"497","Київ",5,"180",37500
"499","Київ",1,"44",1300000
"503","Київ",1,"46,7",1875000
"504","Київ",2,"60",20000
"508","Київ",1,"39,19",912500
"509","Київ",2,"98",27500
"511","Київ",1,"41",377384
"512","Київ",1,"46,63",391692
"513","Київ",3,"91",27500
"514","Київ",3,"94,2",14500
"515","Київ",2,"60",25000
"519","Київ",1,"36,5",897500
"521","Київ",3,"104",5275000
"522","Київ",3,"80",970000
"523","Київ",1,"36,4",897500
"524","Київ",1,"42",1412500
"525","Київ",2,"51",1400000
"526","Київ",2,"73,3",2675000
"527","Київ",1,"45",1499975
"528","Київ",1,"39",1125000
"529","Київ",3,"112",37500
"530","Київ",3,"70",1374975
"531","Київ",1,"48",1162500
"532","Київ",3,"53",1475000
"533","Київ",3,"104",7450000
"534","Київ",2,"101",8250000
"535","Київ",2,"94",7250000
"536","Київ",1,"26",310000
"537","Київ",2,"43",542500
"538","Київ",1,"50",950000
"539","Київ",2,"62",712166
"540","Київ",2,"53",606412
"541","Київ",2,"49",564365
"542","Київ",1,"40",464601
"544","Київ",1,"36",414720
"545","Київ",1,"30",339149
"547","Київ",1,"41",360000
"549","Київ",3,"80",2500000
"550","Київ",1,"23",622500
"551","Київ",1,"23",622500
"553","Київ",1,"31",825000
"554","Київ",3,"206",5675000
"555","Київ",1,"48",1200000
"556","Київ",3,"136",7e+06
"558","Київ",1,"43",1450000
"559","Київ",3,"102",34500
"560","Київ",2,"51",1475000
"561","Київ",1,"51",1475000
"562","Київ",2,"95",25000
"563","Київ",3,"84",2300000
"564","Київ",1,"33",393915
"566","Київ",1,"58",2e+06
"567","Київ",1,"35",637500
"568","Київ",1,"50",1150000
"569","Київ",1,"33",2200000
"570","Київ",1,"41",379960
"572","Київ",1,"42",945000
"573","Київ",3,"78",2300000
"576","Київ",2,"90",45000
"577","Київ",3,"61,3",1250000
"578","Київ",1,"36",1375000
"579","Київ",3,"115",75000
"580","Київ",2,"48",1e+06
"581","Київ",2,"40",1350000
"582","Київ",1,"50",837500
"584","Київ",3,"70",1550000
"585","Київ",3,"70",1375000
"586","Київ",3,"95",40000
"587","Київ",2,"65",2125000
"589","Київ",2,"55",932500
"590","Київ",2,"48",925000
"591","Київ",2,"100",2500000
"592","Київ",2,"44",825000
"593","Київ",5,"160",12250000
"594","Київ",3,"70",1575000
"595","Київ",2,"159",7475000
"596","Київ",3,"120",4500000
"597","Київ",3,"80",1200000
"598","Київ",4,"146",7500000
"599","Київ",1,"39",750000
"600","Київ",2,"76",1925000
"601","Київ",4,"110",3875000
"602","Київ",2,"49",950000
"603","Київ",3,"113",19500
"604","Київ",3,"100",24000
"605","Київ",2,"45",850000
"606","Київ",3,"68",1312500
"607","Київ",1,"25",687500
"608","Київ",1,"35",987500
"609","Київ",1,"39",925000
"610","Київ",1,"33",737500
"611","Київ",3,"77",1550000
"612","Київ",2,"54",1162500
"613","Київ",3,"64",2175000
"614","Київ",3,"56",1075000
"615","Київ",1,"37",1175000
"616","Київ",2,"47",925000
"617","Київ",3,"87",2750000
"618","Київ",2,"98",5875000
"619","Київ",2,"60",11700
"620","Київ",4,"120",30000
"621","Київ",3,"171",5e+06
"622","Київ",2,"82",1825000
"623","Київ",1,"44",1500000
"624","Київ",2,"58",1250000
"625","Київ",5,"154",6250000
"626","Київ",2,"63",1850000
"627","Київ",1,"40",12000
"629","Київ",1,"54",1875000
"630","Київ",2,"61",1550000
"631","Київ",3,"84",2175000
"632","Київ",1,"41",1025000
"633","Київ",1,"50",1500000
"634","Київ",1,"38",925000
"635","Київ",3,"110",12700
"638","Київ",1,"32",1287500
"639","Київ",3,"56",1272500
"640","Київ",2,"46",775000
"641","Київ",2,"46",1037500
"642","Київ",2,"60",1550000
"643","Київ",2,"75",12000
"644","Київ",3,"64",1437500
"645","Київ",3,"60",1612500
"646","Київ",3,"84",11000
"647","Київ",2,"60",15000
"651","Київ",2,"74",14100
"652","Київ",2,"45",14000
"653","Київ",2,"45",1125000
"654","Київ",3,"105",16000
"655","Київ",2,"65",13500
"656","Київ",2,"44",1125000
"657","Київ",2,"60",2125000
"658","Київ",3,"60",1375000
"659","Київ",2,"80",15000
"660","Київ",2,"74",2850000
"661","Київ",3,"84",2850000
"662","Київ",2,"45",875000
"663","Київ",1,"39",937500
"664","Київ",4,"106",2625000
"665","Київ",1,"43",1075000
"666","Київ",1,"35",875000
"667","Київ",3,"132",37500
"668","Київ",3,"110",36000
"669","Київ",1,"31",1e+06
"670","Київ",2,"50",825000
"671","Київ",2,"65",25000
"672","Київ",1,"33",8e+05
"673","Київ",1,"33",650000
"674","Київ",1,"34",775000
"675","Київ",2,"52",1450000
"676","Київ",2,"52",975000
"677","Київ",2,"46",825000
"678","Київ",1,"31",1e+06
"679","Київ",1,"22",662500
"680","Київ",1,"43",687500
"681","Київ",2,"52",1500000
"682","Київ",2,"56",1375000
"683","Київ",2,"75",1025000
"684","Київ",2,"70",1550000
"686","Київ",1,"32",875000
"688","Київ",3,"84",1900000
"689","Київ",2,"72",1375000
"690","Київ",3,"82",1275000
"691","Київ",2,"58",1875000
"692","Київ",3,"97",1912500
"693","Київ",2,"56",1350000
"694","Київ",3,"56",1575000
"695","Київ",3,"75",3e+06
"696","Київ",2,"58",2625000
"697","Київ",3,"77,4",1250000
"698","Київ",1,"55",14000
"699","Київ",1,"35",7e+05
"700","Львів",1,"45,5",978250
"701","Львів",3,"66,1",1512500
"703","Львів",4,"141,1",4125000
"704","Львів",2,"46",1200000
"705","Львів",1,"49,2",1750000
"707","Львів",2,"67",1300000
"708","Львів",6,"190",2275000
"709","Львів",3,"90",16000
"710","Львів",1,"40",9e+05
"711","Львів",1,"31",537500
"712","Львів",2,"68,3",17500
"714","Львів",1,"47,8",898750
"715","Львів",2,"51",975000
"716","Львів",2,"60,5",1e+06
"717","Львів",1,"38,5",650000
"718","Львів",1,"43",922500
"719","Миколаїв",3,"61,7",1e+06
"720","Миколаїв",2,"52,8",8e+05
"721","Миколаїв",3,"69,3",297500
"722","Миколаїв",3,"65",9e+05
"723","Миколаїв",2,"48",612500
"726","Миколаїв",2,"70",950000
"727","Миколаїв",2,"62",825000
"734","Миколаїв",1,"42",650000
"735","Миколаїв",2,"46",487500
"736","Миколаїв",2,"53",1125000
"737","Миколаїв",3,"64",720000
"739","Миколаїв",1,"33",562500
"740","Миколаїв",3,"142",3387500
"741","Миколаїв",2,"52",1125000
"743","Миколаїв",4,"187",5150000
"747","Одеса",4,"120",4500000
"748","Одеса",3,"68,2",1500000
"749","Одеса",3,"128",5750000
"751","Одеса",2,"85",3200000
"753","Одеса",1,"36",615400
"755","Одеса",1,"39",584875
"757","Одеса",1,"34",425625
"758","Одеса",1,"52",608750
"759","Одеса",1,"39",733125
"760","Одеса",2,"58",1060375
"761","Одеса",1,"42",483375
"763","Одеса",1,"40",624000
"764","Одеса",2,"99",2475000
"765","Одеса",2,"45",7e+05
"766","Одеса",3,"130,6",2398750
"767","Одеса",4,"106,6",1625000
"769","Одеса",1,"37",648250
"771","Одеса",2,"83",2050000
"772","Одеса",3,"143",2875000
"773","Одеса",3,"125,5",47500
"774","Одеса",2,"98,3",50000
"775","Одеса",6,"222,6",52500
"776","Одеса",3,"139,1",43750
"777","Одеса",3,"123,7",41250
"778","Одеса",3,"124",52500
"779","Одеса",4,"151,2",42500
"780","Одеса",2,"73,5",41250
"781","Одеса",2,"89,6",41250
"782","Одеса",3,"123,7",41250
"783","Одеса",3,"78",1612500
"787","Одеса",2,"78",2175000
"789","Одеса",1,"36",1175000
"796","Одеса",2,"52",704125
"801","Одеса",2,"62",1295000
"802","Одеса",1,"41",625000
"803","Одеса",3,"96",1460750
"804","Одеса",2,"62",1295000
"805","Одеса",2,"65",1250000
"806","Одеса",2,"65",1212500
"807","Одеса",2,"64",905750
"808","Одеса",2,"59",1074375
"811","Одеса",2,"74",1235875
"813","Одеса",2,"102",25000
"819","Рівне",1,"35",472500
"820","Рівне",3,"63",1072500
"821","Рівне",3,"108",1250000
"822","Рівне",1,"45,37",16250
"823","Рівне",1,"39",875000
"824","Рівне",2,"47",646250
"825","Рівне",2,"46",725000
"826","Рівне",3,"63",9e+05
"827","Рівне",1,"61",1200000
"828","Рівне",1,"28,4",512500
"829","Рівне",2,"65",1487500
"830","Рівне",2,"80",1625000
"831","Рівне",3,"108",1250000
"832","Рівне",1,"30",362500
"833","Рівне",3,"121",1361250
"834","Рівне",2,"75",1625000
"835","Рівне",2,"63",687500
"836","Рівне",2,"64",850000
"837","Рівне",1,"34,8",512500
"838","Рівне",1,"64",1145000
"839","Рівне",1,"33",525000
"840","Рівне",2,"52",7e+05
"841","Рівне",3,"70",1075000
"842","Тернопіль",1,"40",862500
"843","Тернопіль",3,"90",1375000
"844","Тернопіль",3,"78",1262500
"845","Тернопіль",2,"160",1625000
"846","Тернопіль",2,"73,51",10300
"847","Тернопіль",2,"68,14",10200
"848","Тернопіль",1,"38",705000
"849","Тернопіль",2,"56",1175000
"850","Тернопіль",2,"45",718750
"851","Тернопіль",2,"63",1050000
"853","Тернопіль",2,"62",10750
"855","Тернопіль",1,"40",675000
"856","Тернопіль",3,"108",1500000
"857","Тернопіль",1,"47,5",737500
"858","Тернопіль",3,"92",1275000
"859","Тернопіль",1,"47,5",17500
"860","Тернопіль",3,"92",1625000
"861","Тернопіль",3,"78",1075000
"862","Тернопіль",1,"45",675000
"863","Тернопіль",3,"78",1175000
"864","Тернопіль",1,"40",6e+05
"865","Тернопіль",2,"63",937500
"866","Тернопіль",3,"86",725000
"867","Тернопіль",3,"160",1625000
"868","Тернопіль",2,"47",550000
"869","Тернопіль",2,"92",1325000
"871","Тернопіль",2,"64",775000
"872","Тернопіль",2,"65,3",850000
"873","Тернопіль",4,"84",1875000
"874","Тернопіль",1,"37,6",675000
"875","Тернопіль",2,"76,6",1e+06
"876","Тернопіль",3,"95",1250000
"877","Тернопіль",2,"70",1650000
"878","Тернопіль",1,"46,14",750000
"879","Тернопіль",2,"64,4",1037500
"881","Тернопіль",1,"34",575000
"883","Тернопіль",1,"53",550000
"884","Тернопіль",3,"82",1275000
"885","Тернопіль",3,"95",1250000
"886","Тернопіль",2,"50",905000
"887","Тернопіль",2,"56",1050000
"888","Тернопіль",2,"52",1050000
"889","Тернопіль",2,"64",1140000
"890","Тернопіль",3,"86",1875000
"891","Тернопіль",3,"95",1625000
"892","Тернопіль",2,"62",9e+05
"893","Тернопіль",3,"95",2875000
"894","Тернопіль",3,"65",1125000
"895","Тернопіль",2,"43",6e+05
"897","Тернопіль",3,"73",9e+05
"898","Тернопіль",2,"62",850000
"899","Тернопіль",3,"93",2325000
"900","Тернопіль",2,"52",687500
"901","Тернопіль",2,"49",591250
"902","Тернопіль",1,"24",325000
"903","Тернопіль",2,"47,7",675000
"908","Тернопіль",2,"48",837500
"909","Тернопіль",2,"42",550000
"910","Тернопіль",3,"93",2325000
"911","Тернопіль",3,"100",1375000
"912","Тернопіль",1,"39",750000
"913","Тернопіль",2,"47",724975
"914","Тернопіль",1,"27",437500
"915","Тернопіль",2,"46",587500
"916","Тернопіль",3,"95",1250000
"917","Тернопіль",2,"60",862500
"918","Тернопіль",2,"45",597500
"919","Тернопіль",2,"59",650000
"920","Тернопіль",2,"57,5",648750
"921","Тернопіль",1,"46",496800
"922","Тернопіль",2,"50",775000
"923","Тернопіль",1,"50",475000
"924","Тернопіль",1,"33",397500
"925","Тернопіль",2,"54",563000
"926","Тернопіль",2,"64",670000
"927","Тернопіль",2,"46",8e+05
"928","Тернопіль",3,"93",2325000
"933","Тернопіль",2,"72",1025000
"934","Тернопіль",1,"43",525000
"935","Тернопіль",1,"43",550000
"936","Тернопіль",3,"80",1325000
"937","Тернопіль",2,"47",662500
"938","Тернопіль",1,"43",6e+05
"940","Тернопіль",1,"57,5",650000
"941","Тернопіль",3,"90",1275000
"942","Тернопіль",2,"57,5",647500
"943","Тернопіль",2,"65",670000
"944","Тернопіль",2,"54",560000
"945","Тернопіль",1,"33",393750
"946","Тернопіль",1,"50",475000
"948","Тернопіль",1,"30",425000
"949","Тернопіль",2,"45",6e+05
"950","Тернопіль",1,"45",482500
"953","Харків",1,"19",172000
"954","Харків",2,"37",659000
"955","Харків",2,"75",1412500
"956","Харків",3,"64,3",925000
"957","Харків",3,"80",1100000
"958","Харків",1,"15",249250
"959","Харків",2,"45",825000
"960","Харків",3,"93",2175000
"961","Харків",2,"90",2375000
"962","Харків",2,"46,4",750000
"963","Харків",1,"18",234500
"965","Харків",1,"38",7e+05
"967","Харків",2,"69",887500
"968","Харків",2,"52",975000
"971","Хмельницький",2,"71,35",620745
"972","Хмельницький",2,"58,4",450000
"975","Хмельницький",2,"70",550000
"976","Хмельницький",2,"75",750000
"977","Хмельницький",1,"40",425000
"978","Хмельницький",3,"68",575000
"979","Хмельницький",2,"68",950000
"980","Хмельницький",3,"86",1350000
"982","Хмельницький",2,"53,53",329200
"984","Хмельницький",2,"71,74",540000
"985","Хмельницький",2,"45",375000
"988","Хмельницький",2,"64,14",450000
"989","Хмельницький",2,"44",375000
"990","Хмельницький",3,"71,5",725000
"992","Хмельницький",1,"52",647500
"993","Хмельницький",4,"133,4",997500
"994","Хмельницький",3,"77,56",477000
"995","Хмельницький",3,"80",1125000
"996","Хмельницький",3,"80",1125000
"997","Хмельницький",2,"53,87",4e+05
"1000","Хмельницький",2,"62,99",471795
"1001","Хмельницький",1,"30",375000
"1002","Хмельницький",1,"50",537500
"1003","Хмельницький",2,"58,63",480000
"1004","Хмельницький",1,"39,8",375000
"1005","Хмельницький",2,"49",575000
"1006","Хмельницький",1,"30",312500
"1007","Хмельницький",2,"67",572500
"1008","Хмельницький",3,"92",787500
"1010","Хмельницький",1,"38",450000
"1011","Хмельницький",1,"49",375000
"1012","Хмельницький",1,"47",350000
"1013","Хмельницький",2,"76",1125000
"1014","Хмельницький",3,"67",525000
"1015","Хмельницький",1,"42",275000
"1016","Хмельницький",2,"60",512500
"1017","Хмельницький",3,"65",4e+05
"1018","Хмельницький",3,"80",1125000
"1019","Хмельницький",1,"51",3e+05
"1023","Хмельницький",2,"63",472500
"1025","Хмельницький",2,"80",3e+05
"1026","Хмельницький",2,"50,1",475000
"1027","Хмельницький",3,"73",6e+05
"1028","Хмельницький",1,"43,5",5e+05
"1029","Хмельницький",1,"54,28",333800
"1030","Хмельницький",3,"89",625000
"1031","Хмельницький",4,"130",750000
"1032","Хмельницький",2,"71",575000
"1033","Хмельницький",2,"65",550000
"1034","Хмельницький",1,"47",525000
"1035","Хмельницький",3,"93",9e+05
"1037","Хмельницький",2,"50",5e+05
"1038","Хмельницький",3,"78",675000
"1039","Хмельницький",3,"105",887500
"1040","Хмельницький",3,"94",9e+05
"1041","Хмельницький",3,"105",950000
"1042","Хмельницький",2,"70",8e+05
"1043","Хмельницький",3,"89",625000
"1044","Хмельницький",3,"70",637500
"1045","Хмельницький",3,"112,56",10500
"1046","Хмельницький",3,"93",9e+05
"1047","Хмельницький",2,"66",950000
"1048","Хмельницький",2,"80",1125000
"1049","Хмельницький",1,"37",387500
"1051","Хмельницький",1,"50",375000
"1052","Хмельницький",1,"43",337500
"1053","Хмельницький",1,"36",220000
"1054","Хмельницький",1,"42",264600
"1055","Хмельницький",1,"42",575000
"1056","Хмельницький",3,"72",925000
"1060","Хмельницький",1,"41",275000
"1061","Хмельницький",1,"35,58",212500
"1062","Хмельницький",1,"52",330000
"1065","Хмельницький",1,"41",325000
"1066","Хмельницький",1,"47",375000
"1067","Хмельницький",2,"53",387500
"1068","Хмельницький",2,"60",522500
